Neighborhood,Median Household Income
Long Island City,74950
Williamsburg,103280
Lower East Side,31273
Port Morris,20334
Chinatown,35908
Manhattanville,29182
Highbridge,23334
Longwood,22572
Hunts Point,22572
Melrose,22537
Morrisania,22537
Mott Haven,22537
Concourse Village,27883
University Heights,25073
East Harlem,32857
Fort Greene,61990
Mt. Hope,26195
Brighton Beach,38047
Belmont,29382
East Tremont,29382
Crotona Park East,29382
Bedford,37343
North Side-South Side,61381
Stuyvesant Heights,37082
Crown Heights North,37104
Jamaica,42763
Hollis,42763
St. Albans,42763
Fordham,29549
Bedford Park,29549
Hamilton Heights,39019
Ocean Hill,33125
West Concourse,27637
Flushing,39840
Central Harlem,42366
Rego Park,50871
Crown Heights South,41745
Bushwick,40296
Wingate,42462
East New York,32973
Gravesend,35550
Morningside Heights,56371
Inwood,39003
Marble Hill,39003
Soundview,36129
Borough Park,35754
Norwood,35319
Sunset Park,40165
Corona,44026
East Village,72665
Stapleton,56462
Stapleton-Rosebank,56462
Flatbush,45332
Cypress Hills-City Line,40432
Midwood,43687
Elmhurst,47863
Clinton,73591
North Corona,46568
Parkchester,44588
Morris Park,44588
Ocean Parkway,47483
Erasmus,40681
Van Cortlandt Village,40669
Jackson Heights,48869
Brooklyn Heights,105398
Laconia,47806
Pelham Bay,61192
Pelham Parkway,47806
Washington Heights,50192
Stuyvesant Town,95022
Elmhurst-Maspeth,55881
Clinton Hill,66282
Ridgewood,49776
Astoria,54882
Murray Hill,52696
College Point,58420
Lincoln Square,120337
East Flatbush,50889
Farragut,50889
Woodside,50952
Rugby,44027
Upper West Side,92268
Port Richmond,61952
Homecrest,47882
Greenpoint,67928
Sheepshead Bay,51314
Gerritsen Beach,51314
Chelsea,101369
Bensonhurst,45108
East Flushing,55971
Carroll Gardens,85496
Riverdale,78895
Westchester-Unionport,45536
Queensboro Hill,53836
Bath Beach,55193
Bay Ridge,57980
Steinway,60618
Gramercy,100900
Baisley Park,59357
Kingsbridge,67534
Madison,55840
West Village,112689
Briarwood,58564
Maspeth,56689
Tribeca,118931
Soho,118931
Kew Gardens,65035
Forest Hills,67881
Battery Park,125434
Murray Hill-Kips Bay,97458
Dyker Heights,54752
Prospect Heights,84323
Richmond Hill,58473
Windsor Terrace,82297
Turtle Bay,113998
South Ozone Park,57849
Midtown Business District,114491
Woodhaven,61804
Auburndale,70772
The Rockaways,74718
Broad Channel,74718
Kew Gardens Hills,61348
Yorkville,98840
Throgs Neck,67549
Co-op City,59549
Canarsie,60766
Glendale,64178
Ozone Park,65786
Flatlands,64519
Canarsie,64519
Park Slope,101784
Park Slope-Gowanus,101784
Middle Village,69763
Fresh Meadows,69525
Little Neck,79120
Douglaston,77539
Bayside,79120
Whitestone,80546
Great Kills,88868
Upper East Side,155213
Wakefield,56266
Williamsbridge,56266
Coney Island,37241
Flatbrush,62872
Brownsville,32940
Starrett City,39770
Bedford Stuyvesant,64300
South Beach,86260
New Springville,86260
Tottenville,88868
Woodrow,88868
Greenwich Village,137046
South Corona,46568
Rosedale,89730
Sunnyside,85030
Howard Beach,88540
Queens Village,99500
Bay Terrace,89462
